{"w": {"w": 0.34292160097429836, "l": 0.31942331168159127, "d": 0.3376550873441105}, "ww": {"w": 0.3293723211838616, "l": 0.3427301700117675, "d": 0.3278975088043709}, "wl": {"w": 0.28804650674156607, "l": 0.38365689799186764, "d": 0.32829659526656624}, "wd": {"w": 0.31399466573972445, "l": 0.3058720543738543, "d": 0.38013327988642126}, "l": {"w": 0.25559064675014764, "l": 0.3695186430366398, "d": 0.3748907102132126}, "lw": {"w": 0.2907433634514815, "l": 0.33398715782710314, "d": 0.37526947872141536}, "ll": {"w": 0.29977066529749363, "l": 0.3644571484818456, "d": 0.33577218622066074}, "ld": {"w": 0.33100232788885003, "l": 0.3237300996304361, "d": 0.3452675724807139}, "d": {"w": 0.361758538322092, "l": 0.3105186582763581, "d": 0.3277228034015499}, "dw": {"w": 0.373252013148022, "l": 0.31734384572489543, "d": 0.30940414112708264}, "dl": {"w": 0.3208395801691916, "l": 0.3150410921304031, "d": 0.3641193277004052}, "dd": {"w": 0.3294307816420619, "l": 0.33502697342973625, "d": 0.33554224492820184}}